0,1
0X03FF00,0X4B
0X03FF01,0XBB
0X03FF02,0XDC
0X03FF03,0XF3
0X03FF04,0X86
0X03FF05,0XE2
0X03FF06,0X5B
0X03FF07,0XDD
0X03FF08,0X51
0X03FF09,0X0D
0X03FF0A,0X87
0X03FF0B,0XDC
0X03FF0C,0X01
0X03FF0D,0X9D
0X03FF0E,0X02
0X03FF0F,0X38
0X03FF10,0X79
0X03FF11,0XE1
0X03FF12,0X97
0X03FF13,0XF7
0X03FF14,0X63
0X03FF15,0XCD
0X03FF16,0X62
0X03FF17,0X9F
0X03FF18,0X15
0X03FF19,0X2E
0X03FF1A,0X1F
0X03FF1B,0XF2
0X03FF1C,0X2E
0X03FF1D,0X27
0X03FF1E,0X62
0X03FF1F,0X57
0X03FF20,0X54
0X03FF21,0X33
0X03FF22,0XA1
0X03FF23,0XD1
0X03FF24,0X07
0X03FF25,0XD3
0X03FF26,0X1F
0X03FF27,0XD4
0X03FF28,0X2E
0X03FF29,0X08
0X03FF2A,0X09
0X03FF2B,0XD3
0X03FF2C,0X26
0X03FF2D,0X5C
0X03FF2E,0XAE
0X03FF2F,0X3A
0X03FF30,0XD1
0X03FF31,0XC8
0X03FF32,0X29
0X03FF33,0X3A
0X03FF34,0X9A
0X03FF35,0X49
0X03FF36,0XFB
0X03FF37,0XD7
0X03FF38,0XF7
0X03FF39,0X05
0X03FF3A,0X19
0X03FF3B,0X4D
0X03FF3C,0X22
0X03FF3D,0XC1
0X03FF3E,0X5B
0X03FF3F,0X10
0X03FF40,0X8E
0X03FF41,0X03
0X03FF42,0X22
0X03FF43,0XFC
0X03FF44,0XBF
0X03FF45,0X9C
0X03FF46,0X64
0X03FF47,0X61
0X03FF48,0X39
0X03FF49,0X4F
0X03FF4A,0XC3
0X03FF4B,0X4E
0X03FF4C,0XF5
0X03FF4D,0X09
0X03FF4E,0XC2
0X03FF4F,0X8E
0X03FF50,0XE5
0X03FF51,0X48
0X03FF52,0X10
0X03FF53,0X3F
0X03FF54,0XC4
0X03FF55,0XC9
0X03FF56,0X8F
0X03FF57,0XFF
0X03FF58,0X91
0X03FF59,0XB0
0X03FF5A,0X5C
0X03FF5B,0XAE
0X03FF5C,0X22
0X03FF5D,0X8C
0X03FF5E,0X19
0X03FF5F,0X44
0X03FF60,0XD6
0X03FF61,0X50
0X03FF62,0X8C
0X03FF63,0X11
0X03FF64,0X74
0X03FF65,0X20
0X03FF66,0XCC
0X03FF67,0XF8
0X03FF68,0X9E
0X03FF69,0XBA
0X03FF6A,0XC1
0X03FF6B,0XC0
0X03FF6C,0XA6
0X03FF6D,0XF6
0X03FF6E,0X15
0X03FF6F,0XE5
0X03FF70,0X6F
0X03FF71,0XFA
0X03FF72,0X2E
0X03FF73,0XE8
0X03FF74,0XB8
0X03FF75,0XB1
0X03FF76,0X90
0X03FF77,0X74
0X03FF78,0X2B
0X03FF79,0X5D
0X03FF7A,0X6C
0X03FF7B,0X56
0X03FF7C,0XCB
0X03FF7D,0X2E
0X03FF7E,0XE3
0X03FF7F,0XD1
0X03FF80,0XE6
0X03FF81,0X26
0X03FF82,0X6F
0X03FF83,0X3C
0X03FF84,0X41
0X03FF85,0X9D
0X03FF86,0X10
0X03FF87,0X33
0X03FF88,0X74
0X03FF89,0XA8
0X03FF8A,0XE9
0X03FF8B,0X38
0X03FF8C,0X41
0X03FF8D,0X38
0X03FF8E,0XCB
0X03FF8F,0X34
0X03FF90,0XEF
0X03FF91,0X9C
0X03FF92,0X38
0X03FF93,0X2E
0X03FF94,0XA9
0X03FF95,0XA4
0X03FF96,0XAF
0X03FF97,0X06
0X03FF98,0XBB
0X03FF99,0X27
0X03FF9A,0X22
0X03FF9B,0XDF
0X03FF9C,0X50
0X03FF9D,0X87
0X03FF9E,0X4A
0X03FF9F,0X72
0X03FFA0,0X3A
0X03FFA1,0XF7
0X03FFA2,0XCB
0X03FFA3,0X96
0X03FFA4,0XFE
0X03FFA5,0X1D
0X03FFA6,0XBC
0X03FFA7,0X0E
0X03FFA8,0XBB
0X03FFA9,0X80
0X03FFAA,0X77
0X03FFAB,0X79
0X03FFAC,0XF6
0X03FFAD,0XAD
0X03FFAE,0X2E
0X03FFAF,0X1C
0X03FFB0,0X8F
0X03FFB1,0X2E
0X03FFB2,0XDB
0X03FFB3,0X2E
0X03FFB4,0X8C
0X03FFB5,0X56
0X03FFB6,0X15
0X03FFB7,0X2E
0X03FFB8,0X21
0X03FFB9,0XFA
0X03FFBA,0XB4
0X03FFBB,0X13
0X03FFBC,0XDC
0X03FFBD,0X10
0X03FFBE,0XAC
0X03FFBF,0X2C
0X03FFC0,0X62
0X03FFC1,0XE8
0X03FFC2,0XED
0X03FFC3,0X9D
0X03FFC4,0X46
0X03FFC5,0X31
0X03FFC6,0XBF
0X03FFC7,0X2E
0X03FFC8,0XD2
0X03FFC9,0XF3
0X03FFCA,0X6F
0X03FFCB,0X2E
0X03FFCC,0X26
0X03FFCD,0X3C
0X03FFCE,0X05
0X03FFCF,0X10
0X03FFD0,0X3D
0X03FFD1,0XA5
0X03FFD2,0X2E
0X03FFD3,0X05
0X03FFD4,0X41
0X03FFD5,0X67
0X03FFD6,0XD3
0X03FFD7,0XCC
0X03FFD8,0X66
0X03FFD9,0X2E
0X03FFDA,0X81
0X03FFDB,0XC6
0X03FFDC,0X61
0X03FFDD,0X74
0X03FFDE,0X2E
0X03FFDF,0XE4
0X03FFE0,0X62
0X03FFE1,0X1F
0X03FFE2,0XC7
0X03FFE3,0X0A
0X03FFE4,0XFA
0X03FFE5,0X41
0X03FFE6,0X31
0X03FFE7,0X4E
0X03FFE8,0X21
0X03FFE9,0X23
0X03FFEA,0X26
0X03FFEB,0XA5
0X03FFEC,0X1B
0X03FFED,0X56
0X03FFEE,0XE9
0X03FFEF,0XA7
0X03FFF0,0X61
0X03FFF1,0XA4
0X03FFF2,0X3C
0X03FFF3,0X2E
0X03FFF4,0XB4
0X03FFF5,0X09
0X03FFF6,0XF7
0X03FFF7,0X03
0X03FFF8,0X50
0X03FFF9,0X45
0X03FFFA,0XFF
0X03FFFB,0XF1
0X03FFFC,0X95
0X03FFFD,0X1D
0X03FFFE,0X11
0X03FFFF,0X8C
0X04FF00,0XC1
0X04FF01,0X6C
0X04FF02,0X06
0X04FF03,0XE8
0X04FF04,0X9E
0X04FF05,0XBE
0X04FF06,0X22
0X04FF07,0XE0
0X04FF08,0X0A
0X04FF09,0X79
0X04FF0A,0XE5
0X04FF0B,0XFE
0X04FF0C,0X98
0X04FF0D,0X00
0X04FF0E,0XA1
0X04FF0F,0X27
0X04FF10,0XF5
0X04FF11,0X6C
0X04FF12,0XFA
0X04FF13,0XCB
0X04FF14,0XCC
0X04FF15,0X3C
0X04FF16,0XBE
0X04FF17,0XEE
0X04FF18,0X1A
0X04FF19,0XD1
0X04FF1A,0X78
0X04FF1B,0XA4
0X04FF1C,0X61
0X04FF1D,0XA0
0X04FF1E,0XF6
0X04FF1F,0XCF
0X04FF20,0XE3
0X04FF21,0XFB
0X04FF22,0X12
0X04FF23,0XF5
0X04FF24,0XE3
0X04FF25,0X8B
0X04FF26,0X47
0X04FF27,0X42
0X04FF28,0X53
0X04FF29,0X8A
0X04FF2A,0X49
0X04FF2B,0X0D
0X04FF2C,0X26
0X04FF2D,0X98
0X04FF2E,0X39
0X04FF2F,0X0B
0X04FF30,0X4A
0X04FF31,0X97
0X04FF32,0XBA
0X04FF33,0XE1
0X04FF34,0X29
0X04FF35,0XD9
0X04FF36,0XC2
0X04FF37,0X08
0X04FF38,0X4A
0X04FF39,0X29
0X04FF3A,0X4B
0X04FF3B,0X5E
0X04FF3C,0XEE
0X04FF3D,0XA4
0X04FF3E,0X58
0X04FF3F,0X98
0X04FF40,0XB8
0X04FF41,0XC3
0X04FF42,0X01
0X04FF43,0X1C
0X04FF44,0X29
0X04FF45,0X61
0X04FF46,0XA0
0X04FF47,0X0F
0X04FF48,0X05
0X04FF49,0XA4
0X04FF4A,0XB8
0X04FF4B,0XBB
0X04FF4C,0X77
0X04FF4D,0X6A
0X04FF4E,0X8A
0X04FF4F,0X34
0X04FF50,0X62
0X04FF51,0X0E
0X04FF52,0XBC
0X04FF53,0XE8
0X04FF54,0X1B
0X04FF55,0X0C
0X04FF56,0XC6
0X04FF57,0X29
0X04FF58,0XAB
0X04FF59,0X45
0X04FF5A,0X04
0X04FF5B,0X34
0X04FF5C,0X36
0X04FF5D,0X29
0X04FF5E,0XAF
0X04FF5F,0XB7
0X04FF60,0X11
0X04FF61,0XB0
0X04FF62,0X82
0X04FF63,0X07
0X04FF64,0XF5
0X04FF65,0X8E
0X04FF66,0X5F
0X04FF67,0X1D
0X04FF68,0X0E
0X04FF69,0XAB
0X04FF6A,0X80
0X04FF6B,0X6B
0X04FF6C,0X6B
0X04FF6D,0XE8
0X04FF6E,0X76
0X04FF6F,0XCE
0X04FF70,0X12
0X04FF71,0X29
0X04FF72,0XF3
0X04FF73,0X43
0X04FF74,0XD1
0X04FF75,0XDF
0X04FF76,0X5C
0X04FF77,0XF4
0X04FF78,0X0E
0X04FF79,0X02
0X04FF7A,0X64
0X04FF7B,0XD3
0X04FF7C,0XF5
0X04FF7D,0XFC
0X04FF7E,0X5D
0X04FF7F,0X16
0X04FF80,0X05
0X04FF81,0XA8
0X04FF82,0XE0
0X04FF83,0XEF
0X04FF84,0X08
0X04FF85,0X8B
0X04FF86,0XAB
0X04FF87,0X9E
0X04FF88,0X82
0X04FF89,0X72
0X04FF8A,0X5A
0X04FF8B,0X95
0X04FF8C,0X48
0X04FF8D,0X68
0X04FF8E,0X34
0X04FF8F,0X46
0X04FF90,0XED
0X04FF91,0X34
0X04FF92,0X2C
0X04FF93,0X91
0X04FF94,0X5F
0X04FF95,0XA8
0X04FF96,0XA8
0X04FF97,0XE9
0X04FF98,0X12
0X04FF99,0X2E
0X04FF9A,0XAE
0X04FF9B,0XC2
0X04FF9C,0X3E
0X04FF9D,0X50
0X04FF9E,0X4A
0X04FF9F,0X87
0X04FFA0,0X29
0X04FFA1,0X04
0X04FFA2,0X61
0X04FFA3,0X80
0X04FFA4,0X3F
0X04FFA5,0X70
0X04FFA6,0XB3
0X04FFA7,0X29
0X04FFA8,0XE6
0X04FFA9,0X69
0X04FFAA,0X54
0X04FFAB,0X39
0X04FFAC,0X35
0X04FFAD,0X40
0X04FFAE,0X7B
0X04FFAF,0XC6
0X04FFB0,0X52
0X04FFB1,0XAD
0X04FFB2,0XD0
0X04FFB3,0X9D
0X04FFB4,0X4F
0X04FFB5,0X52
0X04FFB6,0X60
0X04FFB7,0X9F
0X04FFB8,0XAB
0X04FFB9,0XBA
0X04FFBA,0X0C
0X04FFBB,0XFD
0X04FFBC,0X7D
0X04FFBD,0X45
0X04FFBE,0X97
0X04FFBF,0X23
0X04FFC0,0X14
0X04FFC1,0XEB
0X04FFC2,0X0A
0X04FFC3,0X49
0X04FFC4,0X95
0X04FFC5,0X4A
0X04FFC6,0XA6
0X04FFC7,0X2F
0X04FFC8,0XC9
0X04FFC9,0X5A
0X04FFCA,0XE3
0X04FFCB,0X71
0X04FFCC,0X4C
0X04FFCD,0XFB
0X04FFCE,0XBC
0X04FFCF,0X91
0X04FFD0,0X1F
0X04FFD1,0X4E
0X04FFD2,0XF0
0X04FFD3,0X8F
0X04FFD4,0X29
0X04FFD5,0X3C
0X04FFD6,0X29
0X04FFD7,0XD6
0X04FFD8,0X85
0X04FFD9,0X11
0X04FFDA,0X12
0X04FFDB,0X69
0X04FFDC,0XCF
0X04FFDD,0X81
0X04FFDE,0XD3
0X04FFDF,0X83
0X04FFE0,0X36
0X04FFE1,0X84
0X04FFE2,0X33
0X04FFE3,0X19
0X04FFE4,0X5E
0X04FFE5,0X29
0X04FFE6,0XAE
0X04FFE7,0X9B
0X04FFE8,0XDB
0X04FFE9,0XB3
0X04FFEA,0X5F
0X04FFEB,0X2C
0X04FFEC,0XDE
0X04FFED,0X38
0X04FFEE,0X90
0X04FFEF,0X63
0X04FFF0,0XD5
0X04FFF1,0X5F
0X04FFF2,0X74
0X04FFF3,0X94
0X04FFF4,0X29
0X04FFF5,0XD3
0X04FFF6,0X9A
0X04FFF7,0XF9
0X04FFF8,0X3F
0X04FFF9,0X29
0X04FFFA,0X2F
0X04FFFB,0XA9
0X04FFFC,0XD0
0X04FFFD,0XAD
0X04FFFE,0XBE
0X04FFFF,0XE5
0X05FF00,0XAD
0X05FF01,0X9A
0X05FF02,0X64
0X05FF03,0X28
0X05FF04,0X97
0X05FF05,0X31
0X05FF06,0XC3
0X05FF07,0XD7
0X05FF08,0X4E
0X05FF09,0X1D
0X05FF0A,0XCE
0X05FF0B,0XF2
0X05FF0C,0X28
0X05FF0D,0XF0
0X05FF0E,0XEC
0X05FF0F,0XE3
0X05FF10,0XFC
0X05FF11,0XDF
0X05FF12,0X6E
0X05FF13,0X47
0X05FF14,0X39
0X05FF15,0XBA
0X05FF16,0XBD
0X05FF17,0X03
0X05FF18,0XF3
0X05FF19,0X6D
0X05FF1A,0X02
0X05FF1B,0XB1
0X05FF1C,0X37
0X05FF1D,0X16
0X05FF1E,0X15
0X05FF1F,0XE3
0X05FF20,0XF2
0X05FF21,0X2C
0X05FF22,0X80
0X05FF23,0X84
0X05FF24,0X30
0X05FF25,0XB0
0X05FF26,0X1F
0X05FF27,0X7E
0X05FF28,0X0A
0X05FF29,0X6C
0X05FF2A,0XB9
0X05FF2B,0X1D
0X05FF2C,0XC6
0X05FF2D,0XD7
0X05FF2E,0XBB
0X05FF2F,0X28
0X05FF30,0XC8
0X05FF31,0XA1
0X05FF32,0X71
0X05FF33,0X61
0X05FF34,0X30
0X05FF35,0XE4
0X05FF36,0X0C
0X05FF37,0X2F
0X05FF38,0X30
0X05FF39,0X00
0X05FF3A,0X63
0X05FF3B,0XF6
0X05FF3C,0XE0
0X05FF3D,0X28
0X05FF3E,0XCE
0X05FF3F,0XD6
0X05FF40,0X62
0X05FF41,0X95
0X05FF42,0X8E
0X05FF43,0XBD
0X05FF44,0X93
0X05FF45,0X65
0X05FF46,0X25
0X05FF47,0XB9
0X05FF48,0XFB
0X05FF49,0XF9
0X05FF4A,0XB5
0X05FF4B,0XE0
0X05FF4C,0X28
0X05FF4D,0X4D
0X05FF4E,0XD2
0X05FF4F,0X5D
0X05FF50,0XF5
0X05FF51,0X33
0X05FF52,0X2A
0X05FF53,0X46
0X05FF54,0X0C
0X05FF55,0XD7
0X05FF56,0X2A
0X05FF57,0X19
0X05FF58,0XCE
0X05FF59,0X26
0X05FF5A,0XFE
0X05FF5B,0X28
0X05FF5C,0XB9
0X05FF5D,0XE9
0X05FF5E,0X6D
0X05FF5F,0XEA
0X05FF60,0XD3
0X05FF61,0XF2
0X05FF62,0XB6
0X05FF63,0X33
0X05FF64,0X6C
0X05FF65,0XC0
0X05FF66,0XF1
0X05FF67,0X5E
0X05FF68,0X7A
0X05FF69,0XBF
0X05FF6A,0X28
0X05FF6B,0X77
0X05FF6C,0XE6
0X05FF6D,0XAA
0X05FF6E,0X3A
0X05FF6F,0XF1
0X05FF70,0X49
0X05FF71,0X45
0X05FF72,0X29
0X05FF73,0XFF
0X05FF74,0X68
0X05FF75,0XB8
0X05FF76,0X4B
0X05FF77,0X28
0X05FF78,0XC5
0X05FF79,0XB9
0X05FF7A,0X73
0X05FF7B,0X7C
0X05FF7C,0X2B
0X05FF7D,0X25
0X05FF7E,0X9E
0X05FF7F,0X8D
0X05FF80,0X22
0X05FF81,0X28
0X05FF82,0X95
0X05FF83,0X82
0X05FF84,0XF9
0X05FF85,0XFF
0X05FF86,0XCC
0X05FF87,0X9B
0X05FF88,0X28
0X05FF89,0X28
0X05FF8A,0X28
0X05FF8B,0X62
0X05FF8C,0X3A
0X05FF8D,0X01
0X05FF8E,0X71
0X05FF8F,0X00
0X05FF90,0X77
0X05FF91,0XCD
0X05FF92,0XA2
0X05FF93,0X33
0X05FF94,0XC7
0X05FF95,0X28
0X05FF96,0XFB
0X05FF97,0X1F
0X05FF98,0X0C
0X05FF99,0XB7
0X05FF9A,0XBF
0X05FF9B,0XE3
0X05FF9C,0X5B
0X05FF9D,0X41
0X05FF9E,0X49
0X05FF9F,0XC7
0X05FFA0,0X37
0X05FFA1,0X0C
0X05FFA2,0X53
0X05FFA3,0X26
0X05FFA4,0XBA
0X05FFA5,0X4E
0X05FFA6,0X1F
0X05FFA7,0X0F
0X05FFA8,0XC7
0X05FFA9,0X2A
0X05FFAA,0XDD
0X05FFAB,0XA7
0X05FFAC,0X85
0X05FFAD,0XDF
0X05FFAE,0X01
0X05FFAF,0XAB
0X05FFB0,0X0F
0X05FFB1,0X84
0X05FFB2,0XA4
0X05FFB3,0XC0
0X05FFB4,0XCE
0X05FFB5,0X55
0X05FFB6,0XE9
0X05FFB7,0X9E
0X05FFB8,0XA0
0X05FFB9,0X77
0X05FFBA,0X7D
0X05FFBB,0X4A
0X05FFBC,0X62
0X05FFBD,0X7A
0X05FFBE,0X42
0X05FFBF,0X6B
0X05FFC0,0X6C
0X05FFC1,0XF6
0X05FFC2,0XC8
0X05FFC3,0X6D
0X05FFC4,0X36
0X05FFC5,0X27
0X05FFC6,0XD9
0X05FFC7,0X07
0X05FFC8,0X58
0X05FFC9,0XAF
0X05FFCA,0X60
0X05FFCB,0X16
0X05FFCC,0X62
0X05FFCD,0XF8
0X05FFCE,0X51
0X05FFCF,0XE3
0X05FFD0,0X7A
0X05FFD1,0X30
0X05FFD2,0X28
0X05FFD3,0XD2
0X05FFD4,0XF1
0X05FFD5,0X13
0X05FFD6,0X28
0X05FFD7,0X91
0X05FFD8,0X0C
0X05FFD9,0XC7
0X05FFDA,0X5D
0X05FFDB,0XCE
0X05FFDC,0X0B
0X05FFDD,0XF6
0X05FFDE,0X1E
0X05FFDF,0X28
0X05FFE0,0XAD
0X05FFE1,0XF3
0X05FFE2,0X23
0X05FFE3,0X28
0X05FFE4,0XD6
0X05FFE5,0XAB
0X05FFE6,0X5B
0X05FFE7,0XF9
0X05FFE8,0X19
0X05FFE9,0X1F
0X05FFEA,0X35
0X05FFEB,0XDE
0X05FFEC,0X27
0X05FFED,0XC4
0X05FFEE,0X0C
0X05FFEF,0X8C
0X05FFF0,0XB4
0X05FFF1,0X56
0X05FFF2,0XD4
0X05FFF3,0X8F
0X05FFF4,0XD6
0X05FFF5,0XC4
0X05FFF6,0XF4
0X05FFF7,0XDA
0X05FFF8,0XBE
0X05FFF9,0XF5
0X05FFFA,0XED
0X05FFFB,0X28
0X05FFFC,0X7A
0X05FFFD,0XA7
0X05FFFE,0X9E
0X05FFFF,0XE2
0X06FF00,0X74
0X06FF01,0X4A
0X06FF02,0XAA
0X06FF03,0X20
0X06FF04,0X25
0X06FF05,0X34
0X06FF06,0XD2
0X06FF07,0X2D
0X06FF08,0X23
0X06FF09,0X01
0X06FF0A,0X26
0X06FF0B,0X01
0X06FF0C,0XF3
0X06FF0D,0XFF
0X06FF0E,0X2B
0X06FF0F,0XBC
0X06FF10,0X58
0X06FF11,0XD8
0X06FF12,0X79
0X06FF13,0X13
0X06FF14,0X96
0X06FF15,0XB4
0X06FF16,0X78
0X06FF17,0X67
0X06FF18,0XAF
0X06FF19,0XD9
0X06FF1A,0X50
0X06FF1B,0XE3
0X06FF1C,0X2B
0X06FF1D,0XA8
0X06FF1E,0X68
0X06FF1F,0X35
0X06FF20,0X47
0X06FF21,0X8D
0X06FF22,0XDA
0X06FF23,0X53
0X06FF24,0XA4
0X06FF25,0X6C
0X06FF26,0X6C
0X06FF27,0X0E
0X06FF28,0X4E
0X06FF29,0X47
0X06FF2A,0XF5
0X06FF2B,0X55
0X06FF2C,0X54
0X06FF2D,0X12
0X06FF2E,0X9B
0X06FF2F,0X28
0X06FF30,0XDF
0X06FF31,0XAA
0X06FF32,0X62
0X06FF33,0X79
0X06FF34,0XEA
0X06FF35,0X9E
0X06FF36,0XE4
0X06FF37,0X89
0X06FF38,0X4F
0X06FF39,0X47
0X06FF3A,0X93
0X06FF3B,0XDA
0X06FF3C,0X83
0X06FF3D,0XA6
0X06FF3E,0XA3
0X06FF3F,0XF3
0X06FF40,0X0D
0X06FF41,0X6B
0X06FF42,0X30
0X06FF43,0X81
0X06FF44,0XC0
0X06FF45,0X45
0X06FF46,0XF2
0X06FF47,0X06
0X06FF48,0X9B
0X06FF49,0XD8
0X06FF4A,0XC8
0X06FF4B,0X2B
0X06FF4C,0X67
0X06FF4D,0XA4
0X06FF4E,0XC2
0X06FF4F,0X37
0X06FF50,0X95
0X06FF51,0X46
0X06FF52,0X4C
0X06FF53,0X83
0X06FF54,0XF4
0X06FF55,0X22
0X06FF56,0XDF
0X06FF57,0X60
0X06FF58,0X4A
0X06FF59,0XA1
0X06FF5A,0X07
0X06FF5B,0X2B
0X06FF5C,0X5E
0X06FF5D,0XC1
0X06FF5E,0X0B
0X06FF5F,0XD9
0X06FF60,0XFC
0X06FF61,0X1C
0X06FF62,0X05
0X06FF63,0X36
0X06FF64,0XAE
0X06FF65,0XC7
0X06FF66,0X88
0X06FF67,0X2B
0X06FF68,0XA2
0X06FF69,0X58
0X06FF6A,0X0D
0X06FF6B,0XFE
0X06FF6C,0X6B
0X06FF6D,0X24
0X06FF6E,0X2E
0X06FF6F,0X24
0X06FF70,0XCE
0X06FF71,0X98
0X06FF72,0X32
0X06FF73,0XDE
0X06FF74,0X32
0X06FF75,0XFB
0X06FF76,0XD2
0X06FF77,0X8C
0X06FF78,0X98
0X06FF79,0XBC
0X06FF7A,0XD2
0X06FF7B,0X51
0X06FF7C,0X77
0X06FF7D,0X76
0X06FF7E,0X23
0X06FF7F,0X6F
0X06FF80,0X01
0X06FF81,0XE6
0X06FF82,0X7E
0X06FF83,0X08
0X06FF84,0X0D
0X06FF85,0X4F
0X06FF86,0X04
0X06FF87,0XC3
0X06FF88,0X32
0X06FF89,0X5E
0X06FF8A,0XB8
0X06FF8B,0X94
0X06FF8C,0XD8
0X06FF8D,0X94
0X06FF8E,0XC8
0X06FF8F,0X04
0X06FF90,0XBF
0X06FF91,0X8C
0X06FF92,0X7B
0X06FF93,0X6C
0X06FF94,0X93
0X06FF95,0X24
0X06FF96,0X7F
0X06FF97,0XC8
0X06FF98,0XE8
0X06FF99,0XA3
0X06FF9A,0X58
0X06FF9B,0XCE
0X06FF9C,0X48
0X06FF9D,0X1C
0X06FF9E,0XEF
0X06FF9F,0X5A
0X06FFA0,0XC4
0X06FFA1,0XFA
0X06FFA2,0X2B
0X06FFA3,0X03
0X06FFA4,0X70
0X06FFA5,0X8C
0X06FFA6,0XB0
0X06FFA7,0XBA
0X06FFA8,0X0A
0X06FFA9,0X4A
0X06FFAA,0XCB
0X06FFAB,0X40
0X06FFAC,0XC6
0X06FFAD,0X01
0X06FFAE,0X1F
0X06FFAF,0XF4
0X06FFB0,0X47
0X06FFB1,0X40
0X06FFB2,0X5F
0X06FFB3,0X8F
0X06FFB4,0X8B
0X06FFB5,0X15
0X06FFB6,0X21
0X06FFB7,0XFA
0X06FFB8,0X33
0X06FFB9,0XF3
0X06FFBA,0XD9
0X06FFBB,0X3C
0X06FFBC,0XAF
0X06FFBD,0X1E
0X06FFBE,0X30
0X06FFBF,0X8B
0X06FFC0,0X66
0X06FFC1,0XCE
0X06FFC2,0XAB
0X06FFC3,0X7D
0X06FFC4,0X2B
0X06FFC5,0XB0
0X06FFC6,0XB6
0X06FFC7,0XD5
0X06FFC8,0X47
0X06FFC9,0XA3
0X06FFCA,0X59
0X06FFCB,0X2B
0X06FFCC,0X5E
0X06FFCD,0X7F
0X06FFCE,0X68
0X06FFCF,0X79
0X06FFD0,0X78
0X06FFD1,0XAB
0X06FFD2,0XE6
0X06FFD3,0X30
0X06FFD4,0X4E
0X06FFD5,0X8E
0X06FFD6,0X2B
0X06FFD7,0X71
0X06FFD8,0XAA
0X06FFD9,0XAF
0X06FFDA,0XA5
0X06FFDB,0X02
0X06FFDC,0XB7
0X06FFDD,0XB9
0X06FFDE,0X1B
0X06FFDF,0X77
0X06FFE0,0X13
0X06FFE1,0X2B
0X06FFE2,0X01
0X06FFE3,0X4D
0X06FFE4,0X0D
0X06FFE5,0X8E
0X06FFE6,0X3C
0X06FFE7,0X5A
0X06FFE8,0X56
0X06FFE9,0XC2
0X06FFEA,0X25
0X06FFEB,0X00
0X06FFEC,0XD5
0X06FFED,0X2B
0X06FFEE,0X0D
0X06FFEF,0XFD
0X06FFF0,0XF0
0X06FFF1,0X0D
0X06FFF2,0X0D
0X06FFF3,0XB6
0X06FFF4,0XE1
0X06FFF5,0XEA
0X06FFF6,0X84
0X06FFF7,0X51
0X06FFF8,0X40
0X06FFF9,0X93
0X06FFFA,0X9D
0X06FFFB,0X3B
0X06FFFC,0X17
0X06FFFD,0X74
0X06FFFE,0X1F
0X06FFFF,0XEB
0X07FF00,0XD3
0X07FF01,0X46
0X07FF02,0XCF
0X07FF03,0X81
0X07FF04,0X22
0X07FF05,0X21
0X07FF06,0X48
0X07FF07,0X8D
0X07FF08,0X62
0X07FF09,0XC0
0X07FF0A,0X8F
0X07FF0B,0X2A
0X07FF0C,0XD0
0X07FF0D,0X6A
0X07FF0E,0X25
0X07FF0F,0X31
0X07FF10,0X43
0X07FF11,0X93
0X07FF12,0X8F
0X07FF13,0X81
0X07FF14,0XC1
0X07FF15,0XD1
0X07FF16,0X2A
0X07FF17,0XB1
0X07FF18,0XB6
0X07FF19,0X2A
0X07FF1A,0XA4
0X07FF1B,0X8A
0X07FF1C,0X05
0X07FF1D,0X59
0X07FF1E,0X35
0X07FF1F,0X17
0X07FF20,0X3B
0X07FF21,0XAB
0X07FF22,0X8E
0X07FF23,0X96
0X07FF24,0XE0
0X07FF25,0X48
0X07FF26,0X3E
0X07FF27,0XD4
0X07FF28,0XC4
0X07FF29,0X2F
0X07FF2A,0X6B
0X07FF2B,0X3B
0X07FF2C,0XFD
0X07FF2D,0X09
0X07FF2E,0X0F
0X07FF2F,0X56
0X07FF30,0XBD
0X07FF31,0X7A
0X07FF32,0X36
0X07FF33,0XF8
0X07FF34,0XC7
0X07FF35,0XF3
0X07FF36,0X00
0X07FF37,0X6C
0X07FF38,0X9A
0X07FF39,0XE2
0X07FF3A,0XA4
0X07FF3B,0XE5
0X07FF3C,0X47
0X07FF3D,0X2A
0X07FF3E,0XF1
0X07FF3F,0XC9
0X07FF40,0XDF
0X07FF41,0XE3
0X07FF42,0XFD
0X07FF43,0XCD
0X07FF44,0X7A
0X07FF45,0X76
0X07FF46,0XB0
0X07FF47,0X4F
0X07FF48,0X33
0X07FF49,0XF6
0X07FF4A,0X3B
0X07FF4B,0X75
0X07FF4C,0X1F
0X07FF4D,0X2A
0X07FF4E,0X25
0X07FF4F,0X3C
0X07FF50,0X68
0X07FF51,0XEA
0X07FF52,0X82
0X07FF53,0X61
0X07FF54,0X49
0X07FF55,0X35
0X07FF56,0XFD
0X07FF57,0X5D
0X07FF58,0X73
0X07FF59,0XDC
0X07FF5A,0XB9
0X07FF5B,0XAF
0X07FF5C,0XDB
0X07FF5D,0XE2
0X07FF5E,0XF3
0X07FF5F,0XBE
0X07FF60,0X69
0X07FF61,0X33
0X07FF62,0X5A
0X07FF63,0X2A
0X07FF64,0X6F
0X07FF65,0X0E
0X07FF66,0X41
0X07FF67,0X95
0X07FF68,0X2C
0X07FF69,0X13
0X07FF6A,0X9F
0X07FF6B,0XC7
0X07FF6C,0X66
0X07FF6D,0XAC
0X07FF6E,0X49
0X07FF6F,0X88
0X07FF70,0X77
0X07FF71,0X68
0X07FF72,0X3A
0X07FF73,0X2A
0X07FF74,0XC4
0X07FF75,0X76
0X07FF76,0XDC
0X07FF77,0X03
0X07FF78,0XAC
0X07FF79,0XEC
0X07FF7A,0X54
0X07FF7B,0XDB
0X07FF7C,0XC3
0X07FF7D,0X52
0X07FF7E,0XFA
0X07FF7F,0X93
0X07FF80,0X7A
0X07FF81,0X01
0X07FF82,0X2A
0X07FF83,0XF5
0X07FF84,0X61
0X07FF85,0X50
0X07FF86,0X99
0X07FF87,0X96
0X07FF88,0X1A
0X07FF89,0X3B
0X07FF8A,0XCC
0X07FF8B,0X75
0X07FF8C,0X54
0X07FF8D,0X4E
0X07FF8E,0X83
0X07FF8F,0X0A
0X07FF90,0XFA
0X07FF91,0X04
0X07FF92,0X76
0X07FF93,0XD9
0X07FF94,0XD3
0X07FF95,0XFC
0X07FF96,0X38
0X07FF97,0X02
0X07FF98,0XC1
0X07FF99,0X32
0X07FF9A,0X87
0X07FF9B,0XB8
0X07FF9C,0X93
0X07FF9D,0XC3
0X07FF9E,0XE1
0X07FF9F,0XFA
0X07FFA0,0X9D
0X07FFA1,0X47
0X07FFA2,0XA3
0X07FFA3,0X15
0X07FFA4,0XE6
0X07FFA5,0X4E
0X07FFA6,0XE7
0X07FFA7,0XA7
0X07FFA8,0XA4
0X07FFA9,0X2A
0X07FFAA,0X39
0X07FFAB,0XA2
0X07FFAC,0X2B
0X07FFAD,0X92
0X07FFAE,0X5C
0X07FFAF,0X50
0X07FFB0,0X5D
0X07FFB1,0X7A
0X07FFB2,0X67
0X07FFB3,0X84
0X07FFB4,0X61
0X07FFB5,0XD3
0X07FFB6,0XD9
0X07FFB7,0X24
0X07FFB8,0X47
0X07FFB9,0X7E
0X07FFBA,0X33
0X07FFBB,0X13
0X07FFBC,0XCC
0X07FFBD,0X3D
0X07FFBE,0XF0
0X07FFBF,0XED
0X07FFC0,0X38
0X07FFC1,0X93
0X07FFC2,0XC1
0X07FFC3,0X62
0X07FFC4,0X3D
0X07FFC5,0X5E
0X07FFC6,0XB8
0X07FFC7,0XB4
0X07FFC8,0X2A
0X07FFC9,0XD0
0X07FFCA,0X3E
0X07FFCB,0XD1
0X07FFCC,0X76
0X07FFCD,0XB5
0X07FFCE,0X10
0X07FFCF,0XC4
0X07FFD0,0XCE
0X07FFD1,0X18
0X07FFD2,0X2B
0X07FFD3,0X2A
0X07FFD4,0X7A
0X07FFD5,0X34
0X07FFD6,0X44
0X07FFD7,0X42
0X07FFD8,0X2A
0X07FFD9,0X59
0X07FFDA,0X32
0X07FFDB,0X62
0X07FFDC,0XB3
0X07FFDD,0XCF
0X07FFDE,0X5B
0X07FFDF,0XA5
0X07FFE0,0XFE
0X07FFE1,0XB8
0X07FFE2,0X3A
0X07FFE3,0X5E
0X07FFE4,0X86
0X07FFE5,0XA7
0X07FFE6,0X2E
0X07FFE7,0X77
0X07FFE8,0X57
0X07FFE9,0X3B
0X07FFEA,0X4E
0X07FFEB,0X17
0X07FFEC,0X0D
0X07FFED,0XC7
0X07FFEE,0XB5
0X07FFEF,0X5B
0X07FFF0,0X07
0X07FFF1,0X9A
0X07FFF2,0XB4
0X07FFF3,0X2A
0X07FFF4,0X2A
0X07FFF5,0X81
0X07FFF6,0X4C
0X07FFF7,0X88
0X07FFF8,0X18
0X07FFF9,0X22
0X07FFFA,0XC4
0X07FFFB,0X17
0X07FFFC,0X53
0X07FFFD,0X7B
0X07FFFE,0X24
0X07FFFF,0X0D
0X08FF00,0X9E
0X08FF01,0X7E
0X08FF02,0X79
0X08FF03,0X7D
0X08FF04,0X28
0X08FF05,0X4D
0X08FF06,0X8D
0X08FF07,0X25
0X08FF08,0X25
0X08FF09,0X5D
0X08FF0A,0X81
0X08FF0B,0XA1
0X08FF0C,0X3D
0X08FF0D,0X74
0X08FF0E,0X53
0X08FF0F,0XF1
0X08FF10,0X95
0X08FF11,0XD0
0X08FF12,0XCB
0X08FF13,0X71
0X08FF14,0X55
0X08FF15,0XCF
0X08FF16,0X1A
0X08FF17,0X37
0X08FF18,0X25
0X08FF19,0XBC
0X08FF1A,0XDB
0X08FF1B,0XD8
0X08FF1C,0XCF
0X08FF1D,0X25
0X08FF1E,0XFF
0X08FF1F,0XD4
0X08FF20,0XDF
0X08FF21,0X5E
0X08FF22,0X73
0X08FF23,0X64
0X08FF24,0XF4
0X08FF25,0X66
0X08FF26,0X61
0X08FF27,0X75
0X08FF28,0X1E
0X08FF29,0X5C
0X08FF2A,0XDC
0X08FF2B,0X9C
0X08FF2C,0X35
0X08FF2D,0XB0
0X08FF2E,0XDA
0X08FF2F,0X45
0X08FF30,0XC5
0X08FF31,0X63
0X08FF32,0X76
0X08FF33,0XDF
0X08FF34,0X53
0X08FF35,0X5B
0X08FF36,0X2B
0X08FF37,0X55
0X08FF38,0XD1
0X08FF39,0XDC
0X08FF3A,0X25
0X08FF3B,0X26
0X08FF3C,0X07
0X08FF3D,0X36
0X08FF3E,0X83
0X08FF3F,0X36
0X08FF40,0XFD
0X08FF41,0X30
0X08FF42,0X45
0X08FF43,0X44
0X08FF44,0XAD
0X08FF45,0X00
0X08FF46,0X7F
0X08FF47,0XAD
0X08FF48,0X42
0X08FF49,0X03
0X08FF4A,0X12
0X08FF4B,0X5C
0X08FF4C,0XC9
0X08FF4D,0X8B
0X08FF4E,0X59
0X08FF4F,0X63
0X08FF50,0XAE
0X08FF51,0XF7
0X08FF52,0X0A
0X08FF53,0XF5
0X08FF54,0XBF
0X08FF55,0X4F
0X08FF56,0X25
0X08FF57,0X50
0X08FF58,0X25
0X08FF59,0X76
0X08FF5A,0X7B
0X08FF5B,0X5F
0X08FF5C,0X49
0X08FF5D,0X25
0X08FF5E,0XC2
0X08FF5F,0X4D
0X08FF60,0X33
0X08FF61,0XFA
0X08FF62,0X1B
0X08FF63,0X8D
0X08FF64,0X33
0X08FF65,0X2C
0X08FF66,0X25
0X08FF67,0X2E
0X08FF68,0XD5
0X08FF69,0XB8
0X08FF6A,0XC8
0X08FF6B,0X05
0X08FF6C,0X22
0X08FF6D,0X8B
0X08FF6E,0XC0
0X08FF6F,0XEB
0X08FF70,0X25
0X08FF71,0X8E
0X08FF72,0XAF
0X08FF73,0X7A
0X08FF74,0X0B
0X08FF75,0X46
0X08FF76,0XB9
0X08FF77,0X5D
0X08FF78,0X31
0X08FF79,0X94
0X08FF7A,0X10
0X08FF7B,0XE4
0X08FF7C,0X25
0X08FF7D,0X8D
0X08FF7E,0XF9
0X08FF7F,0XF8
0X08FF80,0X69
0X08FF81,0X27
0X08FF82,0X91
0X08FF83,0X84
0X08FF84,0XCC
0X08FF85,0X83
0X08FF86,0XFF
0X08FF87,0X52
0X08FF88,0X7E
0X08FF89,0XC2
0X08FF8A,0XD7
0X08FF8B,0X09
0X08FF8C,0X09
0X08FF8D,0X14
0X08FF8E,0XEA
0X08FF8F,0X5B
0X08FF90,0X24
0X08FF91,0XFA
0X08FF92,0X24
0X08FF93,0X25
0X08FF94,0XB9
0X08FF95,0X00
0X08FF96,0XCA
0X08FF97,0X1E
0X08FF98,0X40
0X08FF99,0XB3
0X08FF9A,0X2B
0X08FF9B,0X20
0X08FF9C,0XF5
0X08FF9D,0X1C
0X08FF9E,0X39
0X08FF9F,0X78
0X08FFA0,0XF8
0X08FFA1,0X0F
0X08FFA2,0X15
0X08FFA3,0XDA
0X08FFA4,0X0D
0X08FFA5,0XDF
0X08FFA6,0XBF
0X08FFA7,0XD0
0X08FFA8,0X57
0X08FFA9,0X9D
0X08FFAA,0XD9
0X08FFAB,0XBB
0X08FFAC,0XE5
0X08FFAD,0X95
0X08FFAE,0XE0
0X08FFAF,0X5D
0X08FFB0,0X36
0X08FFB1,0XEF
0X08FFB2,0XA6
0X08FFB3,0XE8
0X08FFB4,0X62
0X08FFB5,0X2E
0X08FFB6,0XC6
0X08FFB7,0X30
0X08FFB8,0XDC
0X08FFB9,0XF8
0X08FFBA,0XE2
0X08FFBB,0X67
0X08FFBC,0X9A
0X08FFBD,0X13
0X08FFBE,0X63
0X08FFBF,0X7C
0X08FFC0,0XC2
0X08FFC1,0X25
0X08FFC2,0X0F
0X08FFC3,0XFA
0X08FFC4,0X0C
0X08FFC5,0X49
0X08FFC6,0X6E
0X08FFC7,0X8D
0X08FFC8,0X2A
0X08FFC9,0XC2
0X08FFCA,0XCB
0X08FFCB,0XDC
0X08FFCC,0XDF
0X08FFCD,0XC1
0X08FFCE,0X7A
0X08FFCF,0XD8
0X08FFD0,0XA8
0X08FFD1,0XD5
0X08FFD2,0XB8
0X08FFD3,0X37
0X08FFD4,0X67
0X08FFD5,0X0B
0X08FFD6,0XD1
0X08FFD7,0XC4
0X08FFD8,0X5A
0X08FFD9,0X3F
0X08FFDA,0X5D
0X08FFDB,0X70
0X08FFDC,0XEC
0X08FFDD,0X82
0X08FFDE,0X4B
0X08FFDF,0X25
0X08FFE0,0X3D
0X08FFE1,0XB1
0X08FFE2,0XE0
0X08FFE3,0XCC
0X08FFE4,0X86
0X08FFE5,0XA1
0X08FFE6,0XC2
0X08FFE7,0XB3
0X08FFE8,0X23
0X08FFE9,0XE8
0X08FFEA,0X3D
0X08FFEB,0X7A
0X08FFEC,0X89
0X08FFED,0X02
0X08FFEE,0X09
0X08FFEF,0X21
0X08FFF0,0XF0
0X08FFF1,0X60
0X08FFF2,0X06
0X08FFF3,0XE3
0X08FFF4,0X37
0X08FFF5,0XAF
0X08FFF6,0X25
0X08FFF7,0X0A
0X08FFF8,0X6A
0X08FFF9,0X28
0X08FFFA,0XC9
0X08FFFB,0X7B
0X08FFFC,0X68
0X08FFFD,0X96
0X08FFFE,0X63
0X08FFFF,0XE6
0X09FF00,0X6A
0X09FF01,0X24
0X09FF02,0X09
0X09FF03,0X8D
0X09FF04,0XBF
0X09FF05,0XC0
0X09FF06,0XFB
0X09FF07,0X8D
0X09FF08,0X90
0X09FF09,0X7D
0X09FF0A,0X24
0X09FF0B,0X4F
0X09FF0C,0X2B
0X09FF0D,0XF3
0X09FF0E,0X00
0X09FF0F,0XAE
0X09FF10,0X3D
0X09FF11,0X22
0X09FF12,0XEB
0X09FF13,0XC2
0X09FF14,0X4A
0X09FF15,0X3F
0X09FF16,0X1F
0X09FF17,0X63
0X09FF18,0X5D
0X09FF19,0X95
0X09FF1A,0X85
0X09FF1B,0X19
0X09FF1C,0X5C
0X09FF1D,0X24
0X09FF1E,0XAF
0X09FF1F,0X38
0X09FF20,0XBB
0X09FF21,0X8D
0X09FF22,0X25
0X09FF23,0XC0
0X09FF24,0X3F
0X09FF25,0X74
0X09FF26,0XD4
0X09FF27,0X49
0X09FF28,0X67
0X09FF29,0X65
0X09FF2A,0X52
0X09FF2B,0X52
0X09FF2C,0XA3
0X09FF2D,0X7C
0X09FF2E,0X88
0X09FF2F,0X96
0X09FF30,0X6A
0X09FF31,0X24
0X09FF32,0X24
0X09FF33,0XFE
0X09FF34,0XF8
0X09FF35,0XEB
0X09FF36,0X1B
0X09FF37,0XB5
0X09FF38,0X05
0X09FF39,0XE3
0X09FF3A,0XE8
0X09FF3B,0X92
0X09FF3C,0X9A
0X09FF3D,0XA9
0X09FF3E,0XEC
0X09FF3F,0X8F
0X09FF40,0XFD
0X09FF41,0X39
0X09FF42,0X84
0X09FF43,0X76
0X09FF44,0X55
0X09FF45,0X5C
0X09FF46,0X2A
0X09FF47,0X73
0X09FF48,0X0D
0X09FF49,0X66
0X09FF4A,0XF0
0X09FF4B,0XE5
0X09FF4C,0X0D
0X09FF4D,0XDF
0X09FF4E,0XB6
0X09FF4F,0X39
0X09FF50,0XA6
0X09FF51,0X20
0X09FF52,0X15
0X09FF53,0XBD
0X09FF54,0X39
0X09FF55,0XCD
0X09FF56,0XB2
0X09FF57,0XC5
0X09FF58,0X7E
0X09FF59,0X24
0X09FF5A,0X83
0X09FF5B,0X09
0X09FF5C,0XF7
0X09FF5D,0XCE
0X09FF5E,0X65
0X09FF5F,0XD6
0X09FF60,0XF0
0X09FF61,0X91
0X09FF62,0X82
0X09FF63,0X26
0X09FF64,0X01
0X09FF65,0X84
0X09FF66,0X80
0X09FF67,0XC8
0X09FF68,0X24
0X09FF69,0X62
0X09FF6A,0X8A
0X09FF6B,0X68
0X09FF6C,0X6B
0X09FF6D,0XC8
0X09FF6E,0X28
0X09FF6F,0X01
0X09FF70,0X47
0X09FF71,0XD4
0X09FF72,0X1F
0X09FF73,0X38
0X09FF74,0X2D
0X09FF75,0X00
0X09FF76,0XFC
0X09FF77,0XAF
0X09FF78,0X6D
0X09FF79,0XC2
0X09FF7A,0X37
0X09FF7B,0XDF
0X09FF7C,0X70
0X09FF7D,0XE8
0X09FF7E,0X64
0X09FF7F,0X71
0X09FF80,0XF5
0X09FF81,0X31
0X09FF82,0X56
0X09FF83,0X14
0X09FF84,0X10
0X09FF85,0XE1
0X09FF86,0X5F
0X09FF87,0X03
0X09FF88,0X74
0X09FF89,0XD9
0X09FF8A,0X09
0X09FF8B,0X9E
0X09FF8C,0XC6
0X09FF8D,0X20
0X09FF8E,0XBA
0X09FF8F,0X18
0X09FF90,0XB3
0X09FF91,0XF5
0X09FF92,0X5C
0X09FF93,0XB7
0X09FF94,0X59
0X09FF95,0X80
0X09FF96,0X24
0X09FF97,0X8F
0X09FF98,0X36
0X09FF99,0X63
0X09FF9A,0X5E
0X09FF9B,0XF1
0X09FF9C,0XED
0X09FF9D,0X41
0X09FF9E,0X1A
0X09FF9F,0XF5
0X09FFA0,0XAE
0X09FFA1,0X6E
0X09FFA2,0XB2
0X09FFA3,0X24
0X09FFA4,0X24
0X09FFA5,0X78
0X09FFA6,0X36
0X09FFA7,0X79
0X09FFA8,0XE7
0X09FFA9,0X1C
0X09FFAA,0XD7
0X09FFAB,0X38
0X09FFAC,0XBF
0X09FFAD,0X71
0X09FFAE,0XC2
0X09FFAF,0X85
0X09FFB0,0X14
0X09FFB1,0X24
0X09FFB2,0X38
0X09FFB3,0XEC
0X09FFB4,0XE3
0X09FFB5,0XB9
0X09FFB6,0XE4
0X09FFB7,0XE7
0X09FFB8,0X24
0X09FFB9,0XDF
0X09FFBA,0XD3
0X09FFBB,0X3F
0X09FFBC,0XC5
0X09FFBD,0X0B
0X09FFBE,0X1E
0X09FFBF,0X60
0X09FFC0,0XE0
0X09FFC1,0X76
0X09FFC2,0XBC
0X09FFC3,0X8C
0X09FFC4,0X35
0X09FFC5,0X88
0X09FFC6,0X9E
0X09FFC7,0X2A
0X09FFC8,0X67
0X09FFC9,0X2C
0X09FFCA,0XEB
0X09FFCB,0XC6
0X09FFCC,0X14
0X09FFCD,0X8F
0X09FFCE,0X14
0X09FFCF,0XCD
0X09FFD0,0X66
0X09FFD1,0X0E
0X09FFD2,0X92
0X09FFD3,0X6E
0X09FFD4,0XB6
0X09FFD5,0XF6
0X09FFD6,0XE2
0X09FFD7,0X7C
0X09FFD8,0X3F
0X09FFD9,0X9B
0X09FFDA,0X82
0X09FFDB,0XA1
0X09FFDC,0X5C
0X09FFDD,0X19
0X09FFDE,0XD7
0X09FFDF,0X77
0X09FFE0,0X84
0X09FFE1,0X8A
0X09FFE2,0X28
0X09FFE3,0XB0
0X09FFE4,0X6A
0X09FFE5,0X5A
0X09FFE6,0XF8
0X09FFE7,0XB8
0X09FFE8,0X6A
0X09FFE9,0X3E
0X09FFEA,0XAF
0X09FFEB,0XE0
0X09FFEC,0XBD
0X09FFED,0X4E
0X09FFEE,0XA1
0X09FFEF,0X87
0X09FFF0,0XB5
0X09FFF1,0X40
0X09FFF2,0X36
0X09FFF3,0X17
0X09FFF4,0X6B
0X09FFF5,0XEB
0X09FFF6,0X2F
0X09FFF7,0X76
0X09FFF8,0X47
0X09FFF9,0XF1
0X09FFFA,0X7E
0X09FFFB,0X24
0X09FFFC,0XFD
0X09FFFD,0X04
0X09FFFE,0XC1
0X09FFFF,0X1F
0X0AFF00,0XCB
0X0AFF01,0X43
0X0AFF02,0XA3
0X0AFF03,0X6A
0X0AFF04,0X16
0X0AFF05,0X3A
0X0AFF06,0X17
0X0AFF07,0XF1
0X0AFF08,0X2C
0X0AFF09,0X2A
0X0AFF0A,0X5F
0X0AFF0B,0XD1
0X0AFF0C,0XC2
0X0AFF0D,0X2F
0X0AFF0E,0X9B
0X0AFF0F,0XFB
0X0AFF10,0XD4
0X0AFF11,0XF5
0X0AFF12,0X3C
0X0AFF13,0X27
0X0AFF14,0X50
0X0AFF15,0XC3
0X0AFF16,0X42
0X0AFF17,0XA5
0X0AFF18,0XD4
0X0AFF19,0X2D
0X0AFF1A,0XB6
0X0AFF1B,0XCA
0X0AFF1C,0XD0
0X0AFF1D,0XF9
0X0AFF1E,0X39
0X0AFF1F,0X69
0X0AFF20,0X75
0X0AFF21,0XB2
0X0AFF22,0XA7
0X0AFF23,0X8C
0X0AFF24,0X30
0X0AFF25,0X14
0X0AFF26,0X2F
0X0AFF27,0X35
0X0AFF28,0X2D
0X0AFF29,0X0F
0X0AFF2A,0XC0
0X0AFF2B,0XD9
0X0AFF2C,0X6B
0X0AFF2D,0XA6
0X0AFF2E,0XD4
0X0AFF2F,0X29
0X0AFF30,0X26
0X0AFF31,0XF2
0X0AFF32,0XB5
0X0AFF33,0XF0
0X0AFF34,0XF2
0X0AFF35,0XE6
0X0AFF36,0X79
0X0AFF37,0X05
0X0AFF38,0X3C
0X0AFF39,0X06
0X0AFF3A,0XE0
0X0AFF3B,0X27
0X0AFF3C,0X9C
0X0AFF3D,0XEC
0X0AFF3E,0X54
0X0AFF3F,0X12
0X0AFF40,0X61
0X0AFF41,0X34
0X0AFF42,0X60
0X0AFF43,0XED
0X0AFF44,0X66
0X0AFF45,0X27
0X0AFF46,0X66
0X0AFF47,0X1A
0X0AFF48,0X8D
0X0AFF49,0X34
0X0AFF4A,0X9F
0X0AFF4B,0X2A
0X0AFF4C,0X18
0X0AFF4D,0X98
0X0AFF4E,0X42
0X0AFF4F,0XA5
0X0AFF50,0X6F
0X0AFF51,0XC4
0X0AFF52,0XFB
0X0AFF53,0X78
0X0AFF54,0XDB
0X0AFF55,0XD0
0X0AFF56,0X19
0X0AFF57,0XEA
0X0AFF58,0X27
0X0AFF59,0XEC
0X0AFF5A,0XB3
0X0AFF5B,0X19
0X0AFF5C,0XCB
0X0AFF5D,0X07
0X0AFF5E,0XE5
0X0AFF5F,0XBB
0X0AFF60,0X54
0X0AFF61,0XDA
0X0AFF62,0XF6
0X0AFF63,0X27
0X0AFF64,0X12
0X0AFF65,0X17
0X0AFF66,0X4A
0X0AFF67,0XB4
0X0AFF68,0XDC
0X0AFF69,0XEB
0X0AFF6A,0X27
0X0AFF6B,0X67
0X0AFF6C,0X98
0X0AFF6D,0XCA
0X0AFF6E,0XDD
0X0AFF6F,0XD8
0X0AFF70,0X3A
0X0AFF71,0XA2
0X0AFF72,0XE8
0X0AFF73,0XDA
0X0AFF74,0XF4
0X0AFF75,0XDC
0X0AFF76,0X3C
0X0AFF77,0X43
0X0AFF78,0X45
0X0AFF79,0X97
0X0AFF7A,0XA2
0X0AFF7B,0X95
0X0AFF7C,0XC4
0X0AFF7D,0X27
0X0AFF7E,0X06
0X0AFF7F,0X30
0X0AFF80,0XEE
0X0AFF81,0XC4
0X0AFF82,0X27
0X0AFF83,0X89
0X0AFF84,0X36
0X0AFF85,0XCE
0X0AFF86,0X7C
0X0AFF87,0XD1
0X0AFF88,0X22
0X0AFF89,0X75
0X0AFF8A,0X27
0X0AFF8B,0X93
0X0AFF8C,0X8F
0X0AFF8D,0X4A
0X0AFF8E,0X27
0X0AFF8F,0XCF
0X0AFF90,0X61
0X0AFF91,0X5C
0X0AFF92,0XD5
0X0AFF93,0XBC
0X0AFF94,0XA1
0X0AFF95,0XA7
0X0AFF96,0X2F
0X0AFF97,0X12
0X0AFF98,0X23
0X0AFF99,0X64
0X0AFF9A,0X95
0X0AFF9B,0X1F
0X0AFF9C,0X71
0X0AFF9D,0X35
0X0AFF9E,0X01
0X0AFF9F,0X6D
0X0AFFA0,0X27
0X0AFFA1,0X57
0X0AFFA2,0XE7
0X0AFFA3,0X67
0X0AFFA4,0X7A
0X0AFFA5,0X1A
0X0AFFA6,0X2E
0X0AFFA7,0XD3
0X0AFFA8,0X58
0X0AFFA9,0X59
0X0AFFAA,0X8E
0X0AFFAB,0X27
0X0AFFAC,0X34
0X0AFFAD,0X79
0X0AFFAE,0X3B
0X0AFFAF,0X27
0X0AFFB0,0X27
0X0AFFB1,0X1A
0X0AFFB2,0X27
0X0AFFB3,0XAF
0X0AFFB4,0XDE
0X0AFFB5,0XD4
0X0AFFB6,0X0D
0X0AFFB7,0XF6
0X0AFFB8,0X5E
0X0AFFB9,0X21
0X0AFFBA,0X0D
0X0AFFBB,0X0C
0X0AFFBC,0X36
0X0AFFBD,0X64
0X0AFFBE,0X21
0X0AFFBF,0X2F
0X0AFFC0,0XBC
0X0AFFC1,0XF3
0X0AFFC2,0X07
0X0AFFC3,0XDB
0X0AFFC4,0X90
0X0AFFC5,0X56
0X0AFFC6,0XA3
0X0AFFC7,0X6B
0X0AFFC8,0X82
0X0AFFC9,0X52
0X0AFFCA,0X4E
0X0AFFCB,0X1E
0X0AFFCC,0X8F
0X0AFFCD,0X24
0X0AFFCE,0X31
0X0AFFCF,0XF2
0X0AFFD0,0X97
0X0AFFD1,0X7B
0X0AFFD2,0X74
0X0AFFD3,0XEA
0X0AFFD4,0X45
0X0AFFD5,0X38
0X0AFFD6,0XB4
0X0AFFD7,0XAB
0X0AFFD8,0XE1
0X0AFFD9,0X15
0X0AFFDA,0XCE
0X0AFFDB,0X1D
0X0AFFDC,0XAC
0X0AFFDD,0X29
0X0AFFDE,0X1B
0X0AFFDF,0X6A
0X0AFFE0,0XBE
0X0AFFE1,0X17
0X0AFFE2,0X28
0X0AFFE3,0X59
0X0AFFE4,0X3E
0X0AFFE5,0X33
0X0AFFE6,0X97
0X0AFFE7,0XCA
0X0AFFE8,0XE8
0X0AFFE9,0X71
0X0AFFEA,0XB3
0X0AFFEB,0X41
0X0AFFEC,0XAD
0X0AFFED,0XDB
0X0AFFEE,0X7B
0X0AFFEF,0X15
0X0AFFF0,0XB9
0X0AFFF1,0X0C
0X0AFFF2,0X53
0X0AFFF3,0X7F
0X0AFFF4,0XAC
0X0AFFF5,0X2F
0X0AFFF6,0X85
0X0AFFF7,0XCB
0X0AFFF8,0XCC
0X0AFFF9,0X79
0X0AFFFA,0XA2
0X0AFFFB,0X45
0X0AFFFC,0X5B
0X0AFFFD,0X1D
0X0AFFFE,0X4A
0X0AFFFF,0X72
0X0BFF00,0X07
0X0BFF01,0X55
0X0BFF02,0X6C
0X0BFF03,0X22
0X0BFF04,0XF5
0X0BFF05,0X8B
0X0BFF06,0X54
0X0BFF07,0XBC
0X0BFF08,0XD6
0X0BFF09,0XF3
0X0BFF0A,0X38
0X0BFF0B,0X65
0X0BFF0C,0XBC
0X0BFF0D,0XCF
0X0BFF0E,0XCE
0X0BFF0F,0X16
0X0BFF10,0X8E
0X0BFF11,0XF2
0X0BFF12,0XF9
0X0BFF13,0X1E
0X0BFF14,0X67
0X0BFF15,0XC7
0X0BFF16,0X46
0X0BFF17,0XC1
0X0BFF18,0XA1
0X0BFF19,0XCD
0X0BFF1A,0XBC
0X0BFF1B,0XDE
0X0BFF1C,0X93
0X0BFF1D,0X51
0X0BFF1E,0XDE
0X0BFF1F,0XC7
0X0BFF20,0XAD
0X0BFF21,0XBD
0X0BFF22,0XDA
0X0BFF23,0X7C
0X0BFF24,0X98
0X0BFF25,0X8B
0X0BFF26,0XE0
0X0BFF27,0XA5
0X0BFF28,0XF3
0X0BFF29,0XAF
0X0BFF2A,0XBC
0X0BFF2B,0X43
0X0BFF2C,0X87
0X0BFF2D,0X57
0X0BFF2E,0XC6
0X0BFF2F,0X36
0X0BFF30,0XFB
0X0BFF31,0X2C
0X0BFF32,0X89
0X0BFF33,0XD7
0X0BFF34,0X52
0X0BFF35,0X53
0X0BFF36,0X05
0X0BFF37,0X6D
0X0BFF38,0X1D
0X0BFF39,0X23
0X0BFF3A,0XD1
0X0BFF3B,0XA5
0X0BFF3C,0XDA
0X0BFF3D,0X3F
0X0BFF3E,0XB5
0X0BFF3F,0X26
0X0BFF40,0X38
0X0BFF41,0XB5
0X0BFF42,0X9E
0X0BFF43,0X92
0X0BFF44,0X1F
0X0BFF45,0X25
0X0BFF46,0X53
0X0BFF47,0X1E
0X0BFF48,0X1C
0X0BFF49,0X89
0X0BFF4A,0X17
0X0BFF4B,0XD1
0X0BFF4C,0X26
0X0BFF4D,0XF0
0X0BFF4E,0XB3
0X0BFF4F,0X22
0X0BFF50,0XB5
0X0BFF51,0XA0
0X0BFF52,0XE4
0X0BFF53,0X26
0X0BFF54,0X61
0X0BFF55,0X23
0X0BFF56,0X7B
0X0BFF57,0XBC
0X0BFF58,0X69
0X0BFF59,0XD5
0X0BFF5A,0X26
0X0BFF5B,0X73
0X0BFF5C,0X4D
0X0BFF5D,0X73
0X0BFF5E,0XE7
0X0BFF5F,0XFB
0X0BFF60,0X26
0X0BFF61,0X96
0X0BFF62,0X03
0X0BFF63,0X40
0X0BFF64,0X6B
0X0BFF65,0X6B
0X0BFF66,0X92
0X0BFF67,0X33
0X0BFF68,0X8F
0X0BFF69,0XD3
0X0BFF6A,0X6B
0X0BFF6B,0XBF
0X0BFF6C,0X5A
0X0BFF6D,0X65
0X0BFF6E,0X95
0X0BFF6F,0X8E
0X0BFF70,0X6D
0X0BFF71,0X7D
0X0BFF72,0XBA
0X0BFF73,0X07
0X0BFF74,0X4C
0X0BFF75,0X41
0X0BFF76,0X4D
0X0BFF77,0X45
0X0BFF78,0XF5
0X0BFF79,0XFA
0X0BFF7A,0XA2
0X0BFF7B,0X6D
0X0BFF7C,0X28
0X0BFF7D,0X62
0X0BFF7E,0X20
0X0BFF7F,0X04
0X0BFF80,0X00
0X0BFF81,0X7E
0X0BFF82,0X7D
0X0BFF83,0X89
0X0BFF84,0XB9
0X0BFF85,0X65
0X0BFF86,0X32
0X0BFF87,0XF3
0X0BFF88,0X70
0X0BFF89,0X6D
0X0BFF8A,0X25
0X0BFF8B,0X4D
0X0BFF8C,0X15
0X0BFF8D,0XA7
0X0BFF8E,0X27
0X0BFF8F,0X27
0X0BFF90,0X52
0X0BFF91,0X0B
0X0BFF92,0X93
0X0BFF93,0X45
0X0BFF94,0XC7
0X0BFF95,0XF9
0X0BFF96,0X4E
0X0BFF97,0X51
0X0BFF98,0X42
0X0BFF99,0X42
0X0BFF9A,0X42
0X0BFF9B,0XD3
0X0BFF9C,0X8B
0X0BFF9D,0XE7
0X0BFF9E,0X96
0X0BFF9F,0X36
0X0BFFA0,0XBC
0X0BFFA1,0X00
0X0BFFA2,0X67
0X0BFFA3,0X08
0X0BFFA4,0X65
0X0BFFA5,0XBE
0X0BFFA6,0X3F
0X0BFFA7,0XB5
0X0BFFA8,0X2C
0X0BFFA9,0XEC
0X0BFFAA,0XCE
0X0BFFAB,0XB2
0X0BFFAC,0XF0
0X0BFFAD,0XD6
0X0BFFAE,0X20
0X0BFFAF,0XB0
0X0BFFB0,0X05
0X0BFFB1,0XAB
0X0BFFB2,0X24
0X0BFFB3,0X0F
0X0BFFB4,0X5C
0X0BFFB5,0X21
0X0BFFB6,0X78
0X0BFFB7,0XA1
0X0BFFB8,0XE3
0X0BFFB9,0X4B
0X0BFFBA,0X1E
0X0BFFBB,0X5E
0X0BFFBC,0XA9
0X0BFFBD,0XA4
0X0BFFBE,0XC2
0X0BFFBF,0XD1
0X0BFFC0,0X26
0X0BFFC1,0XE5
0X0BFFC2,0X12
0X0BFFC3,0XAE
0X0BFFC4,0X69
0X0BFFC5,0XB9
0X0BFFC6,0X20
0X0BFFC7,0X02
0X0BFFC8,0XB1
0X0BFFC9,0X61
0X0BFFCA,0XF1
0X0BFFCB,0X19
0X0BFFCC,0X62
0X0BFFCD,0X7C
0X0BFFCE,0X92
0X0BFFCF,0X56
0X0BFFD0,0X70
0X0BFFD1,0XAA
0X0BFFD2,0X8A
0X0BFFD3,0XD0
0X0BFFD4,0X26
0X0BFFD5,0X03
0X0BFFD6,0X43
0X0BFFD7,0X9C
0X0BFFD8,0X15
0X0BFFD9,0X70
0X0BFFDA,0X1B
0X0BFFDB,0X39
0X0BFFDC,0XC6
0X0BFFDD,0X71
0X0BFFDE,0XA2
0X0BFFDF,0X43
0X0BFFE0,0X34
0X0BFFE1,0X19
0X0BFFE2,0XD5
0X0BFFE3,0X3F
0X0BFFE4,0X50
0X0BFFE5,0XEA
0X0BFFE6,0X17
0X0BFFE7,0X58
0X0BFFE8,0XEE
0X0BFFE9,0XDF
0X0BFFEA,0X66
0X0BFFEB,0XA1
0X0BFFEC,0X9A
0X0BFFED,0X5E
0X0BFFEE,0XB0
0X0BFFEF,0XE9
0X0BFFF0,0X0F
0X0BFFF1,0XFF
0X0BFFF2,0X77
0X0BFFF3,0XAE
0X0BFFF4,0XE8
0X0BFFF5,0XB2
0X0BFFF6,0X60
0X0BFFF7,0XC9
0X0BFFF8,0X73
0X0BFFF9,0XEA
0X0BFFFA,0XFA
0X0BFFFB,0X44
0X0BFFFC,0X1D
0X0BFFFD,0X26
0X0BFFFE,0X46
0X0BFFFF,0XEC
0X0CFF00,0XC2
0X0CFF01,0XC5
0X0CFF02,0X16
0X0CFF03,0XD5
0X0CFF04,0X96
0X0CFF05,0X09
0X0CFF06,0X86
0X0CFF07,0X19
0X0CFF08,0X9C
0X0CFF09,0X63
0X0CFF0A,0X02
0X0CFF0B,0X3A
0X0CFF0C,0X4F
0X0CFF0D,0XE9
0X0CFF0E,0X35
0X0CFF0F,0X57
0X0CFF10,0X76
0X0CFF11,0X71
0X0CFF12,0XAF
0X0CFF13,0XFE
0X0CFF14,0X21
0X0CFF15,0X38
0X0CFF16,0X37
0X0CFF17,0X55
0X0CFF18,0X5D
0X0CFF19,0X49
0X0CFF1A,0X07
0X0CFF1B,0X7D
0X0CFF1C,0X6E
0X0CFF1D,0X0F
0X0CFF1E,0XCC
0X0CFF1F,0X75
0X0CFF20,0XA4
0X0CFF21,0X90
0X0CFF22,0X21
0X0CFF23,0XB5
0X0CFF24,0X53
0X0CFF25,0XB0
0X0CFF26,0X2B
0X0CFF27,0X82
0X0CFF28,0X80
0X0CFF29,0XB5
0X0CFF2A,0XC1
0X0CFF2B,0XB8
0X0CFF2C,0X58
0X0CFF2D,0XDC
0X0CFF2E,0X21
0X0CFF2F,0XD8
0X0CFF30,0XBB
0X0CFF31,0X62
0X0CFF32,0X00
0X0CFF33,0X4F
0X0CFF34,0X0F
0X0CFF35,0X90
0X0CFF36,0XDC
0X0CFF37,0X76
0X0CFF38,0X14
0X0CFF39,0X13
0X0CFF3A,0XD3
0X0CFF3B,0X9E
0X0CFF3C,0X0E
0X0CFF3D,0X6B
0X0CFF3E,0XD8
0X0CFF3F,0XBB
0X0CFF40,0X21
0X0CFF41,0X3E
0X0CFF42,0X21
0X0CFF43,0X28
0X0CFF44,0X14
0X0CFF45,0X3C
0X0CFF46,0XD3
0X0CFF47,0XB1
0X0CFF48,0X11
0X0CFF49,0X21
0X0CFF4A,0XB8
0X0CFF4B,0X28
0X0CFF4C,0X56
0X0CFF4D,0X0C
0X0CFF4E,0X3A
0X0CFF4F,0X88
0X0CFF50,0XC7
0X0CFF51,0X27
0X0CFF52,0XA0
0X0CFF53,0X13
0X0CFF54,0XEF
0X0CFF55,0XEE
0X0CFF56,0XB9
0X0CFF57,0X43
0X0CFF58,0XC0
0X0CFF59,0X61
0X0CFF5A,0XA1
0X0CFF5B,0XF6
0X0CFF5C,0X3E
0X0CFF5D,0X45
0X0CFF5E,0XF4
0X0CFF5F,0X9E
0X0CFF60,0XE5
0X0CFF61,0X6B
0X0CFF62,0X6B
0X0CFF63,0X6B
0X0CFF64,0XAA
0X0CFF65,0X6D
0X0CFF66,0XE7
0X0CFF67,0X49
0X0CFF68,0X10
0X0CFF69,0XD3
0X0CFF6A,0X87
0X0CFF6B,0X9B
0X0CFF6C,0X92
0X0CFF6D,0X9A
0X0CFF6E,0XDB
0X0CFF6F,0X81
0X0CFF70,0X81
0X0CFF71,0X2B
0X0CFF72,0X1E
0X0CFF73,0X31
0X0CFF74,0X08
0X0CFF75,0X97
0X0CFF76,0XC7
0X0CFF77,0X80
0X0CFF78,0X99
0X0CFF79,0X6D
0X0CFF7A,0X91
0X0CFF7B,0X4C
0X0CFF7C,0XE1
0X0CFF7D,0X21
0X0CFF7E,0X8B
0X0CFF7F,0X01
0X0CFF80,0XCD
0X0CFF81,0XD0
0X0CFF82,0X4E
0X0CFF83,0XD7
0X0CFF84,0X19
0X0CFF85,0XD7
0X0CFF86,0X9C
0X0CFF87,0X51
0X0CFF88,0XBC
0X0CFF89,0X45
0X0CFF8A,0X60
0X0CFF8B,0X52
0X0CFF8C,0X95
0X0CFF8D,0X87
0X0CFF8E,0X3F
0X0CFF8F,0XF7
0X0CFF90,0XF6
0X0CFF91,0XDD
0X0CFF92,0X10
0X0CFF93,0X1E
0X0CFF94,0X61
0X0CFF95,0X28
0X0CFF96,0X7A
0X0CFF97,0X13
0X0CFF98,0XB8
0X0CFF99,0X28
0X0CFF9A,0XAB
0X0CFF9B,0X12
0X0CFF9C,0XCA
0X0CFF9D,0X6F
0X0CFF9E,0X18
0X0CFF9F,0X71
0X0CFFA0,0X7B
0X0CFFA1,0X9F
0X0CFFA2,0XC0
0X0CFFA3,0X9D
0X0CFFA4,0XE2
0X0CFFA5,0X82
0X0CFFA6,0X4C
0X0CFFA7,0X21
0X0CFFA8,0X91
0X0CFFA9,0XF5
0X0CFFAA,0XBD
0X0CFFAB,0X87
0X0CFFAC,0X24
0X0CFFAD,0X1A
0X0CFFAE,0XB6
0X0CFFAF,0XB0
0X0CFFB0,0XAD
0X0CFFB1,0X4A
0X0CFFB2,0XA2
0X0CFFB3,0XB4
0X0CFFB4,0XA8
0X0CFFB5,0X14
0X0CFFB6,0X3E
0X0CFFB7,0X0E
0X0CFFB8,0XDD
0X0CFFB9,0X74
0X0CFFBA,0XDD
0X0CFFBB,0XFD
0X0CFFBC,0XE1
0X0CFFBD,0XBB
0X0CFFBE,0X3D
0X0CFFBF,0X48
0X0CFFC0,0X6E
0X0CFFC1,0X95
0X0CFFC2,0X3E
0X0CFFC3,0X85
0X0CFFC4,0X78
0X0CFFC5,0X21
0X0CFFC6,0X37
0X0CFFC7,0X33
0X0CFFC8,0X39
0X0CFFC9,0X24
0X0CFFCA,0X38
0X0CFFCB,0X9B
0X0CFFCC,0X38
0X0CFFCD,0XE8
0X0CFFCE,0X6A
0X0CFFCF,0XC5
0X0CFFD0,0X25
0X0CFFD1,0X04
0X0CFFD2,0XE4
0X0CFFD3,0XD6
0X0CFFD4,0X1C
0X0CFFD5,0X75
0X0CFFD6,0X23
0X0CFFD7,0X07
0X0CFFD8,0XBF
0X0CFFD9,0X7B
0X0CFFDA,0X0F
0X0CFFDB,0X19
0X0CFFDC,0XA1
0X0CFFDD,0XB6
0X0CFFDE,0XD4
0X0CFFDF,0XE2
0X0CFFE0,0XD2
0X0CFFE1,0X2A
0X0CFFE2,0X38
0X0CFFE3,0X5A
0X0CFFE4,0X8F
0X0CFFE5,0X87
0X0CFFE6,0X1C
0X0CFFE7,0X96
0X0CFFE8,0X85
0X0CFFE9,0XCE
0X0CFFEA,0X18
0X0CFFEB,0XE4
0X0CFFEC,0X1C
0X0CFFED,0X9B
0X0CFFEE,0X08
0X0CFFEF,0X2E
0X0CFFF0,0X26
0X0CFFF1,0XB8
0X0CFFF2,0X90
0X0CFFF3,0X58
0X0CFFF4,0XB9
0X0CFFF5,0X78
0X0CFFF6,0X94
0X0CFFF7,0X78
0X0CFFF8,0X21
0X0CFFF9,0XE0
0X0CFFFA,0XC4
0X0CFFFB,0X6A
0X0CFFFC,0X2E
0X0CFFFD,0X4A
0X0CFFFE,0XB3
0X0CFFFF,0XC5
0X0DFF00,0XE5
0X0DFF01,0X5A
0X0DFF02,0XD8
0X0DFF03,0X71
0X0DFF04,0X32
0X0DFF05,0XB5
0X0DFF06,0X55
0X0DFF07,0X20
0X0DFF08,0X6D
0X0DFF09,0XBB
0X0DFF0A,0XBD
0X0DFF0B,0XD0
0X0DFF0C,0X91
0X0DFF0D,0XB2
0X0DFF0E,0XF0
0X0DFF0F,0X77
0X0DFF10,0XED
0X0DFF11,0XB2
0X0DFF12,0X87
0X0DFF13,0X6F
0X0DFF14,0XA7
0X0DFF15,0X27
0X0DFF16,0XBA
0X0DFF17,0X80
0X0DFF18,0XE5
0X0DFF19,0X07
0X0DFF1A,0XC3
0X0DFF1B,0XEC
0X0DFF1C,0X40
0X0DFF1D,0X0A
0X0DFF1E,0XD1
0X0DFF1F,0XCB
0X0DFF20,0X80
0X0DFF21,0X42
0X0DFF22,0X0A
0X0DFF23,0XE5
0X0DFF24,0XE4
0X0DFF25,0X20
0X0DFF26,0X29
0X0DFF27,0X0F
0X0DFF28,0X0F
0X0DFF29,0X13
0X0DFF2A,0X20
0X0DFF2B,0X00
0X0DFF2C,0X1B
0X0DFF2D,0X20
0X0DFF2E,0XF6
0X0DFF2F,0X0D
0X0DFF30,0XA6
0X0DFF31,0X2F
0X0DFF32,0X92
0X0DFF33,0XCE
0X0DFF34,0X79
0X0DFF35,0X5C
0X0DFF36,0X2A
0X0DFF37,0X3A
0X0DFF38,0X68
0X0DFF39,0X0C
0X0DFF3A,0X98
0X0DFF3B,0X3D
0X0DFF3C,0XB5
0X0DFF3D,0XD9
0X0DFF3E,0X82
0X0DFF3F,0XF1
0X0DFF40,0X09
0X0DFF41,0X45
0X0DFF42,0XDF
0X0DFF43,0X52
0X0DFF44,0X54
0X0DFF45,0X07
0X0DFF46,0X8C
0X0DFF47,0X9D
0X0DFF48,0X2C
0X0DFF49,0X81
0X0DFF4A,0X63
0X0DFF4B,0X7F
0X0DFF4C,0XBD
0X0DFF4D,0XCD
0X0DFF4E,0X20
0X0DFF4F,0XD2
0X0DFF50,0XE4
0X0DFF51,0X50
0X0DFF52,0XEC
0X0DFF53,0X70
0X0DFF54,0X46
0X0DFF55,0X20
0X0DFF56,0XD9
0X0DFF57,0X3D
0X0DFF58,0X62
0X0DFF59,0X63
0X0DFF5A,0XF5
0X0DFF5B,0X24
0X0DFF5C,0X30
0X0DFF5D,0X93
0X0DFF5E,0X97
0X0DFF5F,0X22
0X0DFF60,0X6E
0X0DFF61,0X17
0X0DFF62,0X6D
0X0DFF63,0X56
0X0DFF64,0X25
0X0DFF65,0XFB
0X0DFF66,0XC7
0X0DFF67,0X6E
0X0DFF68,0XA3
0X0DFF69,0XD1
0X0DFF6A,0X88
0X0DFF6B,0X6C
0X0DFF6C,0X8A
0X0DFF6D,0X22
0X0DFF6E,0X07
0X0DFF6F,0XFD
0X0DFF70,0X53
0X0DFF71,0X98
0X0DFF72,0X4B
0X0DFF73,0XF4
0X0DFF74,0X5F
0X0DFF75,0X67
0X0DFF76,0X7A
0X0DFF77,0X37
0X0DFF78,0X5A
0X0DFF79,0X4B
0X0DFF7A,0X04
0X0DFF7B,0X72
0X0DFF7C,0X62
0X0DFF7D,0XC1
0X0DFF7E,0XBA
0X0DFF7F,0X28
0X0DFF80,0XF6
0X0DFF81,0XBF
0X0DFF82,0X81
0X0DFF83,0X91
0X0DFF84,0X01
0X0DFF85,0XDB
0X0DFF86,0X7D
0X0DFF87,0XAB
0X0DFF88,0X20
0X0DFF89,0X2E
0X0DFF8A,0X46
0X0DFF8B,0X7C
0X0DFF8C,0XBF
0X0DFF8D,0XD9
0X0DFF8E,0XF2
0X0DFF8F,0X75
0X0DFF90,0X20
0X0DFF91,0XA5
0X0DFF92,0X17
0X0DFF93,0X26
0X0DFF94,0X67
0X0DFF95,0XA7
0X0DFF96,0XE1
0X0DFF97,0X02
0X0DFF98,0XC2
0X0DFF99,0X04
0X0DFF9A,0XA5
0X0DFF9B,0XC2
0X0DFF9C,0X6A
0X0DFF9D,0X65
0X0DFF9E,0X16
0X0DFF9F,0X83
0X0DFFA0,0X35
0X0DFFA1,0X35
0X0DFFA2,0X62
0X0DFFA3,0X84
0X0DFFA4,0XC9
0X0DFFA5,0X17
0X0DFFA6,0X5D
0X0DFFA7,0XAD
0X0DFFA8,0X54
0X0DFFA9,0X20
0X0DFFAA,0X14
0X0DFFAB,0X0C
0X0DFFAC,0X3F
0X0DFFAD,0X26
0X0DFFAE,0XF4
0X0DFFAF,0XFE
0X0DFFB0,0X47
0X0DFFB1,0X2E
0X0DFFB2,0X55
0X0DFFB3,0X77
0X0DFFB4,0X92
0X0DFFB5,0X17
0X0DFFB6,0X9C
0X0DFFB7,0X58
0X0DFFB8,0XDF
0X0DFFB9,0X9C
0X0DFFBA,0X20
0X0DFFBB,0XE8
0X0DFFBC,0X76
0X0DFFBD,0X20
0X0DFFBE,0X58
0X0DFFBF,0X3B
0X0DFFC0,0X9A
0X0DFFC1,0XB6
0X0DFFC2,0X35
0X0DFFC3,0X09
0X0DFFC4,0X0F
0X0DFFC5,0X57
0X0DFFC6,0XE1
0X0DFFC7,0X47
0X0DFFC8,0X30
0X0DFFC9,0XD5
0X0DFFCA,0X25
0X0DFFCB,0X56
0X0DFFCC,0X38
0X0DFFCD,0XB9
0X0DFFCE,0X40
0X0DFFCF,0X9B
0X0DFFD0,0X78
0X0DFFD1,0X02
0X0DFFD2,0XA8
0X0DFFD3,0XFE
0X0DFFD4,0X38
0X0DFFD5,0X20
0X0DFFD6,0X2A
0X0DFFD7,0XD3
0X0DFFD8,0X3A
0X0DFFD9,0XDC
0X0DFFDA,0X3D
0X0DFFDB,0X4F
0X0DFFDC,0XFE
0X0DFFDD,0X12
0X0DFFDE,0XFF
0X0DFFDF,0X42
0X0DFFE0,0X34
0X0DFFE1,0X4C
0X0DFFE2,0X9C
0X0DFFE3,0X20
0X0DFFE4,0X20
0X0DFFE5,0X9D
0X0DFFE6,0XA3
0X0DFFE7,0X39
0X0DFFE8,0XCE
0X0DFFE9,0X20
0X0DFFEA,0X05
0X0DFFEB,0X20
0X0DFFEC,0XAB
0X0DFFED,0XB0
0X0DFFEE,0XAA
0X0DFFEF,0X86
0X0DFFF0,0X67
0X0DFFF1,0XB1
0X0DFFF2,0X2F
0X0DFFF3,0X8E
0X0DFFF4,0X20
0X0DFFF5,0X98
0X0DFFF6,0X23
0X0DFFF7,0XAD
0X0DFFF8,0X82
0X0DFFF9,0X0F
0X0DFFFA,0XFC
0X0DFFFB,0X00
0X0DFFFC,0X8A
0X0DFFFD,0X8E
0X0DFFFE,0X20
0X0DFFFF,0X9C
0X0EFF00,0X0F
0X0EFF01,0XD4
0X0EFF02,0X10
0X0EFF03,0X10
0X0EFF04,0X46
0X0EFF05,0XFD
0X0EFF06,0XC5
0X0EFF07,0XE4
0X0EFF08,0XA6
0X0EFF09,0X76
0X0EFF0A,0XDD
0X0EFF0B,0XC0
0X0EFF0C,0XFF
0X0EFF0D,0X57
0X0EFF0E,0XFB
0X0EFF0F,0XB1
0X0EFF10,0XA6
0X0EFF11,0XC4
0X0EFF12,0X5A
0X0EFF13,0X75
0X0EFF14,0X74
0X0EFF15,0XD7
0X0EFF16,0X81
0X0EFF17,0X11
0X0EFF18,0X07
0X0EFF19,0X07
0X0EFF1A,0X14
0X0EFF1B,0XFE
0X0EFF1C,0X59
0X0EFF1D,0X4F
0X0EFF1E,0X7C
0X0EFF1F,0X26
0X0EFF20,0X73
0X0EFF21,0XC9
0X0EFF22,0X33
0X0EFF23,0XF0
0X0EFF24,0X75
0X0EFF25,0X9F
0X0EFF26,0XA3
0X0EFF27,0X1E
0X0EFF28,0X7B
0X0EFF29,0XA3
0X0EFF2A,0X72
0X0EFF2B,0XC4
0X0EFF2C,0X40
0X0EFF2D,0X40
0X0EFF2E,0X6C
0X0EFF2F,0X36
0X0EFF30,0X6E
0X0EFF31,0XC5
0X0EFF32,0X8E
0X0EFF33,0XA5
0X0EFF34,0XB7
0X0EFF35,0X34
0X0EFF36,0X35
0X0EFF37,0X10
0X0EFF38,0X58
0X0EFF39,0XFE
0X0EFF3A,0X90
0X0EFF3B,0X08
0X0EFF3C,0X23
0X0EFF3D,0X40
0X0EFF3E,0X9F
0X0EFF3F,0X08
0X0EFF40,0X06
0X0EFF41,0X69
0X0EFF42,0X6C
0X0EFF43,0XB0
0X0EFF44,0X70
0X0EFF45,0X80
0X0EFF46,0XA6
0X0EFF47,0XEF
0X0EFF48,0XE2
0X0EFF49,0X1E
0X0EFF4A,0X39
0X0EFF4B,0X7E
0X0EFF4C,0X93
0X0EFF4D,0X11
0X0EFF4E,0X75
0X0EFF4F,0XD3
0X0EFF50,0XAE
0X0EFF51,0XBF
0X0EFF52,0XC5
0X0EFF53,0XC4
0X0EFF54,0XF0
0X0EFF55,0XB7
0X0EFF56,0X67
0X0EFF57,0XE3
0X0EFF58,0X79
0X0EFF59,0X78
0X0EFF5A,0XD1
0X0EFF5B,0XD9
0X0EFF5C,0XA4
0X0EFF5D,0X23
0X0EFF5E,0X23
0X0EFF5F,0X74
0X0EFF60,0X84
0X0EFF61,0X89
0X0EFF62,0XED
0X0EFF63,0X6B
0X0EFF64,0X23
0X0EFF65,0X5D
0X0EFF66,0X6C
0X0EFF67,0X97
0X0EFF68,0X7D
0X0EFF69,0XEB
0X0EFF6A,0X85
0X0EFF6B,0X5F
0X0EFF6C,0X9C
0X0EFF6D,0X30
0X0EFF6E,0XE1
0X0EFF6F,0XAB
0X0EFF70,0XE9
0X0EFF71,0XE3
0X0EFF72,0XD8
0X0EFF73,0XF8
0X0EFF74,0XD0
0X0EFF75,0X4E
0X0EFF76,0XFF
0X0EFF77,0X23
0X0EFF78,0X5E
0X0EFF79,0XF2
0X0EFF7A,0X75
0X0EFF7B,0X7C
0X0EFF7C,0X23
0X0EFF7D,0X6C
0X0EFF7E,0X23
0X0EFF7F,0XB1
0X0EFF80,0XCA
0X0EFF81,0X37
0X0EFF82,0X23
0X0EFF83,0XDF
0X0EFF84,0X9C
0X0EFF85,0X48
0X0EFF86,0XBD
0X0EFF87,0XCF
0X0EFF88,0X45
0X0EFF89,0XA2
0X0EFF8A,0XE2
0X0EFF8B,0XC5
0X0EFF8C,0X33
0X0EFF8D,0X0C
0X0EFF8E,0X5D
0X0EFF8F,0XFE
0X0EFF90,0XBD
0X0EFF91,0XF1
0X0EFF92,0X97
0X0EFF93,0XBE
0X0EFF94,0XFD
0X0EFF95,0X95
0X0EFF96,0X31
0X0EFF97,0X10
0X0EFF98,0X68
0X0EFF99,0XCA
0X0EFF9A,0XF2
0X0EFF9B,0XF9
0X0EFF9C,0X80
0X0EFF9D,0X48
0X0EFF9E,0X4B
0X0EFF9F,0XFE
0X0EFFA0,0XA4
0X0EFFA1,0XF3
0X0EFFA2,0XCA
0X0EFFA3,0XD0
0X0EFFA4,0X45
0X0EFFA5,0X1E
0X0EFFA6,0X03
0X0EFFA7,0X93
0X0EFFA8,0X09
0X0EFFA9,0X80
0X0EFFAA,0X31
0X0EFFAB,0X55
0X0EFFAC,0XAE
0X0EFFAD,0X0C
0X0EFFAE,0X30
0X0EFFAF,0X66
0X0EFFB0,0XE1
0X0EFFB1,0X0E
0X0EFFB2,0XA0
0X0EFFB3,0XC6
0X0EFFB4,0X70
0X0EFFB5,0X62
0X0EFFB6,0XD6
0X0EFFB7,0X7C
0X0EFFB8,0XEB
0X0EFFB9,0X07
0X0EFFBA,0X49
0X0EFFBB,0X23
0X0EFFBC,0XD1
0X0EFFBD,0X9F
0X0EFFBE,0X3E
0X0EFFBF,0X21
0X0EFFC0,0X99
0X0EFFC1,0XC4
0X0EFFC2,0X23
0X0EFFC3,0X07
0X0EFFC4,0X1A
0X0EFFC5,0X5A
0X0EFFC6,0X52
0X0EFFC7,0X07
0X0EFFC8,0XA2
0X0EFFC9,0X01
0X0EFFCA,0XF7
0X0EFFCB,0XA9
0X0EFFCC,0X90
0X0EFFCD,0X97
0X0EFFCE,0XC7
0X0EFFCF,0X09
0X0EFFD0,0X27
0X0EFFD1,0X59
0X0EFFD2,0XB1
0X0EFFD3,0X05
0X0EFFD4,0X20
0X0EFFD5,0X23
0X0EFFD6,0X39
0X0EFFD7,0X37
0X0EFFD8,0X57
0X0EFFD9,0XEF
0X0EFFDA,0XF3
0X0EFFDB,0X2F
0X0EFFDC,0X75
0X0EFFDD,0X82
0X0EFFDE,0X3F
0X0EFFDF,0X1B
0X0EFFE0,0XC0
0X0EFFE1,0X87
0X0EFFE2,0XDE
0X0EFFE3,0X7C
0X0EFFE4,0X23
0X0EFFE5,0XC7
0X0EFFE6,0X63
0X0EFFE7,0X23
0X0EFFE8,0X61
0X0EFFE9,0X67
0X0EFFEA,0X1C
0X0EFFEB,0X90
0X0EFFEC,0XD1
0X0EFFED,0X28
0X0EFFEE,0XE8
0X0EFFEF,0XB1
0X0EFFF0,0XF6
0X0EFFF1,0X2F
0X0EFFF2,0XE9
0X0EFFF3,0X6C
0X0EFFF4,0X49
0X0EFFF5,0X3E
0X0EFFF6,0X20
0X0EFFF7,0XCA
0X0EFFF8,0X9D
0X0EFFF9,0X94
0X0EFFFA,0X02
0X0EFFFB,0XC8
0X0EFFFC,0X49
0X0EFFFD,0X7F
0X0EFFFE,0X0E
0X0EFFFF,0X87
0X0FFF00,0X8C
0X0FFF01,0X7B
0X0FFF02,0X6F
0X0FFF03,0XDD
0X0FFF04,0X3B
0X0FFF05,0X21
0X0FFF06,0X3B
0X0FFF07,0X2C
0X0FFF08,0X3C
0X0FFF09,0X0D
0X0FFF0A,0X34
0X0FFF0B,0X31
0X0FFF0C,0X8C
0X0FFF0D,0X5D
0X0FFF0E,0XA0
0X0FFF0F,0X7E
0X0FFF10,0XA1
0X0FFF11,0X16
0X0FFF12,0XAC
0X0FFF13,0X53
0X0FFF14,0X4E
0X0FFF15,0X1F
0X0FFF16,0X33
0X0FFF17,0X32
0X0FFF18,0XE3
0X0FFF19,0X48
0X0FFF1A,0X0D
0X0FFF1B,0XCB
0X0FFF1C,0X09
0X0FFF1D,0X36
0X0FFF1E,0X1C
0X0FFF1F,0X93
0X0FFF20,0X27
0X0FFF21,0X24
0X0FFF22,0XBF
0X0FFF23,0X81
0X0FFF24,0XA3
0X0FFF25,0XC3
0X0FFF26,0X4D
0X0FFF27,0X0B
0X0FFF28,0X93
0X0FFF29,0X39
0X0FFF2A,0XD1
0X0FFF2B,0X02
0X0FFF2C,0X76
0X0FFF2D,0XCB
0X0FFF2E,0XAA
0X0FFF2F,0X02
0X0FFF30,0X22
0X0FFF31,0X87
0X0FFF32,0X58
0X0FFF33,0XA4
0X0FFF34,0X57
0X0FFF35,0X9B
0X0FFF36,0XA0
0X0FFF37,0XEB
0X0FFF38,0X59
0X0FFF39,0X6C
0X0FFF3A,0X22
0X0FFF3B,0XFC
0X0FFF3C,0X3B
0X0FFF3D,0X37
0X0FFF3E,0X4A
0X0FFF3F,0XA4
0X0FFF40,0X16
0X0FFF41,0X1E
0X0FFF42,0X22
0X0FFF43,0X7C
0X0FFF44,0X46
0X0FFF45,0X25
0X0FFF46,0X9B
0X0FFF47,0X5A
0X0FFF48,0XFB
0X0FFF49,0X12
0X0FFF4A,0X36
0X0FFF4B,0X5A
0X0FFF4C,0X64
0X0FFF4D,0X63
0X0FFF4E,0X96
0X0FFF4F,0X22
0X0FFF50,0X6C
0X0FFF51,0X99
0X0FFF52,0X66
0X0FFF53,0X0C
0X0FFF54,0X4A
0X0FFF55,0X2C
0X0FFF56,0X6E
0X0FFF57,0X80
0X0FFF58,0XBC
0X0FFF59,0X4A
0X0FFF5A,0X2A
0X0FFF5B,0X6B
0X0FFF5C,0XDA
0X0FFF5D,0X8F
0X0FFF5E,0X87
0X0FFF5F,0X5A
0X0FFF60,0X44
0X0FFF61,0X6C
0X0FFF62,0XB9
0X0FFF63,0X02
0X0FFF64,0X94
0X0FFF65,0X41
0X0FFF66,0X84
0X0FFF67,0X22
0X0FFF68,0X80
0X0FFF69,0X55
0X0FFF6A,0X55
0X0FFF6B,0XAB
0X0FFF6C,0X6A
0X0FFF6D,0X83
0X0FFF6E,0X23
0X0FFF6F,0XD9
0X0FFF70,0XE8
0X0FFF71,0X3A
0X0FFF72,0X23
0X0FFF73,0X71
0X0FFF74,0X29
0X0FFF75,0X5F
0X0FFF76,0X86
0X0FFF77,0X56
0X0FFF78,0X29
0X0FFF79,0X93
0X0FFF7A,0X18
0X0FFF7B,0X13
0X0FFF7C,0X26
0X0FFF7D,0X22
0X0FFF7E,0XE7
0X0FFF7F,0X7D
0X0FFF80,0XFC
0X0FFF81,0X55
0X0FFF82,0XC1
0X0FFF83,0XF9
0X0FFF84,0X83
0X0FFF85,0X99
0X0FFF86,0XCD
0X0FFF87,0X5D
0X0FFF88,0X96
0X0FFF89,0X8E
0X0FFF8A,0XC9
0X0FFF8B,0X27
0X0FFF8C,0X7F
0X0FFF8D,0X00
0X0FFF8E,0XD6
0X0FFF8F,0X22
0X0FFF90,0X62
0X0FFF91,0X5D
0X0FFF92,0X4B
0X0FFF93,0X1C
0X0FFF94,0X2E
0X0FFF95,0X61
0X0FFF96,0XEC
0X0FFF97,0X86
0X0FFF98,0X6A
0X0FFF99,0XF5
0X0FFF9A,0XBE
0X0FFF9B,0X22
0X0FFF9C,0X0A
0X0FFF9D,0X24
0X0FFF9E,0XE8
0X0FFF9F,0X1E
0X0FFFA0,0XB3
0X0FFFA1,0XD6
0X0FFFA2,0X42
0X0FFFA3,0X3D
0X0FFFA4,0X79
0X0FFFA5,0X80
0X0FFFA6,0X7B
0X0FFFA7,0XD3
0X0FFFA8,0XDD
0X0FFFA9,0X10
0X0FFFAA,0XE4
0X0FFFAB,0XD8
0X0FFFAC,0X4A
0X0FFFAD,0X26
0X0FFFAE,0X02
0X0FFFAF,0XE8
0X0FFFB0,0X24
0X0FFFB1,0X46
0X0FFFB2,0XB4
0X0FFFB3,0X74
0X0FFFB4,0XD6
0X0FFFB5,0XFF
0X0FFFB6,0XE5
0X0FFFB7,0XDF
0X0FFFB8,0XF4
0X0FFFB9,0X7E
0X0FFFBA,0X84
0X0FFFBB,0X0D
0X0FFFBC,0XD6
0X0FFFBD,0X12
0X0FFFBE,0X71
0X0FFFBF,0X02
0X0FFFC0,0X54
0X0FFFC1,0XB2
0X0FFFC2,0XE2
0X0FFFC3,0XA2
0X0FFFC4,0X35
0X0FFFC5,0X62
0X0FFFC6,0X52
0X0FFFC7,0XB4
0X0FFFC8,0X54
0X0FFFC9,0XEA
0X0FFFCA,0X3C
0X0FFFCB,0XBD
0X0FFFCC,0X35
0X0FFFCD,0X91
0X0FFFCE,0X6C
0X0FFFCF,0XD8
0X0FFFD0,0X99
0X0FFFD1,0X9B
0X0FFFD2,0XCC
0X0FFFD3,0X61
0X0FFFD4,0XF1
0X0FFFD5,0XC8
0X0FFFD6,0X3C
0X0FFFD7,0XA9
0X0FFFD8,0X10
0X0FFFD9,0X1A
0X0FFFDA,0X36
0X0FFFDB,0X96
0X0FFFDC,0XC9
0X0FFFDD,0X33
0X0FFFDE,0XBB
0X0FFFDF,0X65
0X0FFFE0,0XF6
0X0FFFE1,0X8E
0X0FFFE2,0X68
0X0FFFE3,0X6B
0X0FFFE4,0X22
0X0FFFE5,0XEC
0X0FFFE6,0XD0
0X0FFFE7,0X74
0X0FFFE8,0X5B
0X0FFFE9,0XD6
0X0FFFEA,0XCE
0X0FFFEB,0X09
0X0FFFEC,0XA9
0X0FFFED,0X14
0X0FFFEE,0X4E
0X0FFFEF,0X26
0X0FFFF0,0X1D
0X0FFFF1,0X5C
0X0FFFF2,0X63
0X0FFFF3,0XA3
0X0FFFF4,0X5D
0X0FFFF5,0X99
0X0FFFF6,0XE2
0X0FFFF7,0XDC
0X0FFFF8,0XF9
0X0FFFF9,0XE3
0X0FFFFA,0X83
0X0FFFFB,0X74
0X0FFFFC,0X26
0X0FFFFD,0XD4
0X0FFFFE,0X70
0X0FFFFF,0X4F
